08-01-2019, 3388
07-01-2019, 3402
06-01-2019, 3415
05-01-2019, 3412
04-01-2019, 3469
01-01-2019, 3470
31-12-2018, 3521
30-12-2018, 3528
29-12-2018, 3388
28-12-2018, 3402
22-12-2018, 3415
21-12-2018, 3412
20-12-2018, 3469
19-12-2018, 3470
18-12-2018, 3521
15-12-2018, 3528
14-12-2018, 3531
13-12-2018, 3534
12-12-2018, 3519
11-12-2018, 3525
08-12-2018, 3532
07-12-2018, 3513
06-12-2018, 3529
05-12-2018, 3498
04-12-2018, 3472
01-12-2018, 3471
30-11-2018, 3474
29-11-2018, 3474
28-11-2018, 3486
27-11-2018, 3536
24-11-2018, 3532
23-11-2018, 3579
22-11-2018, 3616
21-11-2018, 3644
20-11-2018, 3677
17-11-2018, 3687
16-11-2018, 3688
15-11-2018, 3712
14-11-2018, 3728
10-11-2018, 3732
09-11-2018, 3745
08-11-2018, 3768
07-11-2018, 3791
06-11-2018, 3807
03-11-2018, 3857
01-11-2018, 3912
31-10-2018, 3917
30-10-2018, 3905
27-10-2018, 3891
26-10-2018, 3900
25-10-2018, 3930
24-10-2018, 3952
23-10-2018, 3968
20-10-2018, 3960
19-10-2018, 3937
18-10-2018, 3932
17-10-2018, 3938
16-10-2018, 3925
13-10-2018, 3962
12-10-2018, 4017
11-10-2018, 4063
10-10-2018, 4084
09-10-2018, 4101
06-10-2018, 4113
05-10-2018, 4116
04-10-2018, 4099
03-10-2018, 4098
02-10-2018, 4061
29-09-2018, 4051
28-09-2018, 4042
27-09-2018, 4035
26-09-2018, 4037
25-09-2018, 4031
22-09-2018, 4013
21-09-2018, 4018
20-09-2018, 4014
19-09-2018, 4019
18-09-2018, 4032
15-09-2018, 4061
14-09-2018, 4076
13-09-2018, 4082
12-09-2018, 4069
11-09-2018, 4064
08-09-2018, 4069
07-09-2018, 4092
06-09-2018, 4131
05-09-2018, 4149
04-09-2018, 4158
01-09-2018, 4137
31-08-2018, 4128
30-08-2018, 4120
29-08-2018, 4121
25-08-2018, 4124
24-08-2018, 4102
23-08-2018, 4095
22-08-2018, 4086
21-08-2018, 4087
18-08-2018, 4086
17-08-2018, 4082
15-08-2018, 4085
14-08-2018, 4058
11-08-2018, 4052
10-08-2018, 4045
09-08-2018, 4080
08-08-2018, 4111
07-08-2018, 4116
04-08-2018, 4118
03-08-2018, 4117
02-08-2018, 4116
01-08-2018, 4111
31-07-2018, 4116
28-07-2018, 4115
27-07-2018, 4098
26-07-2018, 4079
25-07-2018, 4061
24-07-2018, 4037
21-07-2018, 4012
20-07-2018, 3984
19-07-2018, 3976
18-07-2018, 3974
17-07-2018, 4000
14-07-2018, 4053
13-07-2018, 4054
12-07-2018, 4083
11-07-2018, 4092
10-07-2018, 4087
07-07-2018, 4090
06-07-2018, 4095
05-07-2018, 4102
04-07-2018, 4097
03-07-2018, 4102
30-06-2018, 4103
29-06-2018, 4059
28-06-2018, 4022
27-06-2018, 3991
26-06-2018, 3988
23-06-2018, 3988
22-06-2018, 3988
21-06-2018, 3981
20-06-2018, 3980
19-06-2018, 3973
16-06-2018, 3982
15-06-2018, 3997
14-06-2018, 4011
13-06-2018, 4003
12-06-2018, 4004
09-06-2018, 4006
08-06-2018, 3994
07-06-2018, 4004
06-06-2018, 4035
05-06-2018, 4076
02-06-2018, 4104
31-05-2018, 4119
30-05-2018, 4117
26-05-2018, 4128
25-05-2018, 4148
24-05-2018, 4142
23-05-2018, 4140
22-05-2018, 4133
19-05-2018, 4119
18-05-2018, 4100
17-05-2018, 4060
16-05-2018, 4040
15-05-2018, 4024
12-05-2018, 4022
11-05-2018, 3994
10-05-2018, 3971
09-05-2018, 3929
05-05-2018, 3918
03-05-2018, 3902
01-05-2018, 3898
28-04-2018, 3881
27-04-2018, 3869
26-04-2018, 3850
25-04-2018, 3830
24-04-2018, 3811
21-04-2018, 3795
20-04-2018, 3780
19-04-2018, 3768
18-04-2018, 3763
17-04-2018, 3772
16-04-2018, 3781
14-04-2018, 3781
13-04-2018, 3777
12-04-2018, 3759
11-04-2018, 3733
10-04-2018, 3720
07-04-2018, 3719
06-04-2018, 3727
05-04-2018, 3729
30-03-2018, 3753
29-03-2018, 3757
28-03-2018, 3755
27-03-2018, 3757
24-03-2018, 3746
23-03-2018, 3718
22-03-2018, 3687
21-03-2018, 3640
20-03-2018, 3609
17-03-2018, 3581
16-03-2018, 3560
15-03-2018, 3549
14-03-2018, 3531
13-03-2018, 3509
10-03-2018, 3495
09-03-2018, 3491
08-03-2018, 3511
07-03-2018, 3519
06-03-2018, 3528
03-03-2018, 3531
02-03-2018, 3550
01-03-2018, 3556
28-02-2018, 3557
27-02-2018, 3555
24-02-2018, 3549
23-02-2018, 3538
22-02-2018, 3530
21-02-2018, 3517
20-02-2018, 3503
17-02-2018, 3492
16-02-2018, 3491
15-02-2018, 3504
14-02-2018, 3526
13-02-2018, 3554
10-02-2018, 3571
09-02-2018, 3588
08-02-2018, 3614
07-02-2018, 3633
06-02-2018, 3656
03-02-2018, 3657
02-02-2018, 3666
01-02-2018, 3664
31-01-2018, 3672
30-01-2018, 3679
27-01-2018, 3680
26-01-2018, 3681
25-01-2018, 3683
24-01-2018, 3679
23-01-2018, 3665
20-01-2018, 3656
19-01-2018, 3657
18-01-2018, 3654
17-01-2018, 3654
16-01-2018, 3673
13-01-2018, 3683
12-01-2018, 3695
11-01-2018, 3677
10-01-2018, 3652
09-01-2018, 3632
06-01-2018, 3622
05-01-2018, 3622
04-01-2018, 3632
03-01-2018, 3630
01-01-2018, 3642